﻿<?xml version="1.0" encoding="utf-8"?>
<DownloadTask>
  <ProjectInfo
    DeviceVersion="15.0.0.0"
    CreationTime="2023-12-21 13:20:46 (UTC)"
    Runtime="COLORADO"
    RtProjectName="Projecttry1.HMI_1[TP900 Comfort]"
    RtProjectFolderName="Projecttry1.HMI_1[TP900 Comfort]"
    DeviceType="TP900 Comfort"
    DisplayOrientation="0"
    RTReleaseNo="15.0.0.3"
    ImageReleaseNo="15.0.0.3"
    RTCV="15.0.0.3"
    PRCV="15.0.0.3"
    FirmwareFileName=""
    RuntimeFileName=""
    RuntimeAddonFolderName="CP_7_9" />
  <FullDownload>pdata.fwc</FullDownload>
  <FullDownload
    type="ADMINDATA">pdata.pwx</FullDownload>
  <FullDownload>ProjectSettings.hsf</FullDownload>
  <FullDownload>DeviceSettings.hsf</FullDownload>
  <FullDownload>SmartServer.rld</FullDownload>
</DownloadTask>